transaction_id,sales_date,buyer_id,product_id,seller_id,currency,sale_amount,sale_margin
13627994,2023-07-01 01:33:13,2676,28821,144,USD,1192.10,107.90
13632202,2023-07-01 05:18:54,2676,30571,146,USD,960.00,40.00
13660950,2023-07-01 09:12:41,2732,40251,156,SEK,960.00,40.00
13660955,2023-07-01 09:12:41,2732,40251,156,SEK,960.00,40.00
13660957,2023-07-01 09:12:42,2732,40251,156,SEK,960.00,40.00
13660959,2023-07-01 09:12:43,2732,40251,156,SEK,960.00,40.00
13660962,2023-07-01 09:12:43,2732,40251,156,SEK,960.00,40.00
13669909,2023-07-01 09:56:33,2677,26831,142,GBP,1295.94,61.06
13714889,2023-07-01 13:36:23,2648,38711,153,GBP,1814.40,75.60
13715336,2023-07-01 13:39:46,2648,38711,153,GBP,1814.40,75.60
13717482,2023-07-01 13:51:40,2648,38711,153,GBP,1728.00,72.00
13717490,2023-07-01 13:51:41,2648,38711,153,GBP,1814.40,75.60
13724864,2023-07-01 14:43:32,2648,38711,153,GBP,1728.00,72.00
13741535,2023-07-01 17:04:18,2676,31361,146,EUR,1358.00,42.00
13743271,2023-07-01 17:23:03,2676,30571,146,USD,960.00,40.00
13745350,2023-07-01 17:49:01,2676,30571,146,USD,960.00,40.00
13750974,2023-07-01 18:51:16,2676,30571,146,USD,1920.00,80.00
13757455,2023-07-01 20:12:54,2642,33491,148,GBP,1007.04,41.96
13762770,2023-07-01 21:25:50,2642,33491,148,GBP,960.00,40.00
13766109,2023-07-01 22:30:05,2659,11121,126,GBP,1014.00,26.00
13771567,2023-07-02 00:55:10,2676,30571,146,USD,960.00,40.00
13771840,2023-07-02 01:06:50,2676,28821,144,USD,898.66,81.34
13773610,2023-07-02 03:19:21,2676,30571,146,USD,1920.00,80.00
13774483,2023-07-02 04:53:00,2676,30571,146,USD,1152.00,48.00
13774484,2023-07-02 04:53:06,2676,30571,146,USD,960.00,40.00
13774685,2023-07-02 05:09:03,2732,40251,156,SEK,960.00,40.00
13774687,2023-07-02 05:09:04,2732,40251,156,SEK,960.00,40.00
13774688,2023-07-02 05:09:05,2732,40251,156,SEK,960.00,40.00
13774690,2023-07-02 05:09:05,2732,40251,156,SEK,960.00,40.00
13774691,2023-07-02 05:09:06,2732,40251,156,SEK,960.00,40.00
13774774,2023-07-02 05:12:55,2732,40251,156,SEK,960.00,40.00
13774773,2023-07-02 05:12:55,2732,40251,156,SEK,960.00,40.00
13774778,2023-07-02 05:12:56,2732,40251,156,SEK,960.00,40.00
13774776,2023-07-02 05:12:56,2732,40251,156,SEK,960.00,40.00
13774780,2023-07-02 05:12:57,2732,40251,156,SEK,960.00,40.00
13778207,2023-07-02 06:39:43,2677,26831,142,GBP,1910.00,90.00
13799431,2023-07-02 09:17:57,2657,30581,145,GBP,750.00,250.00
13817065,2023-07-02 11:03:01,2676,31351,146,EUR,970.00,30.00
13834430,2023-07-02 12:46:49,2642,33491,148,GBP,1958.40,81.60
13844459,2023-07-02 13:46:32,2642,33491,148,GBP,1344.00,56.00
13848573,2023-07-02 14:12:03,2676,30571,146,USD,1920.00,80.00
13854015,2023-07-02 14:56:32,2732,40251,156,SEK,960.00,40.00
13854018,2023-07-02 14:56:32,2732,40251,156,SEK,960.00,40.00
13854019,2023-07-02 14:56:33,2732,40251,156,SEK,960.00,40.00
13854020,2023-07-02 14:56:33,2732,40251,156,SEK,960.00,40.00
13854023,2023-07-02 14:56:34,2732,40251,156,SEK,960.00,40.00
13854153,2023-07-02 14:57:45,2657,30581,145,GBP,1986.76,662.25
13858339,2023-07-02 15:35:33,2676,30571,146,USD,1344.00,56.00
13865126,2023-07-02 16:57:25,2676,30571,146,USD,1728.00,72.00
13865516,2023-07-02 17:02:19,2676,28821,144,USD,1146.25,103.75
13868984,2023-07-02 17:47:05,2676,30571,146,USD,960.00,40.00
13876563,2023-07-02 19:32:58,2642,33491,148,GBP,2063.04,85.96
13876883,2023-07-02 19:37:55,2732,40251,156,SEK,960.00,40.00
13876882,2023-07-02 19:37:55,2732,40251,156,SEK,960.00,40.00
13876885,2023-07-02 19:37:56,2732,40251,156,SEK,960.00,40.00
13876884,2023-07-02 19:37:56,2732,40251,156,SEK,960.00,40.00
13876886,2023-07-02 19:37:57,2732,40251,156,SEK,960.00,40.00
13877312,2023-07-02 19:44:22,2732,40251,156,SEK,960.00,40.00
13877311,2023-07-02 19:44:22,2732,40251,156,SEK,960.00,40.00
13878310,2023-07-02 19:58:12,2642,33491,148,GBP,1056.00,44.00
13886701,2023-07-02 22:34:35,2676,30571,146,USD,1920.00,80.00
13892447,2023-07-03 01:48:59,2677,26831,142,GBP,1910.00,90.00
13892595,2023-07-03 01:56:27,2676,30571,146,USD,960.00,40.00
13892980,2023-07-03 02:18:23,2714,35831,151,INR,955.00,45.00
13895408,2023-07-03 04:25:40,2714,36061,151,INR,4900.00,100.00
13895616,2023-07-03 04:35:48,2714,35591,151,INR,1930.00,70.00
13899105,2023-07-03 06:00:50,2714,35881,151,INR,1274.00,26.00
13899119,2023-07-03 06:01:05,2714,35881,151,INR,1274.00,26.00
13899169,2023-07-03 06:01:47,2714,35881,151,INR,1274.00,26.00
13899531,2023-07-03 06:06:45,2714,35881,151,INR,980.00,20.00
13902938,2023-07-03 06:44:19,2714,35621,151,INR,4775.00,225.00
13903002,2023-07-03 06:44:55,2714,36801,152,INR,955.00,45.00
13903333,2023-07-03 06:47:48,2714,36611,152,INR,1910.00,90.00
13903655,2023-07-03 06:50:39,2714,36101,152,INR,955.00,45.00
13906614,2023-07-03 07:13:36,2676,31361,146,EUR,1319.20,40.80
13916881,2023-07-03 08:17:16,2676,31361,146,EUR,1309.50,40.50
13917418,2023-07-03 08:20:06,2714,35681,151,INR,2387.50,112.50
13917967,2023-07-03 08:22:56,2676,30571,146,USD,960.00,40.00
13920520,2023-07-03 08:36:31,2714,35781,151,INR,1910.00,90.00
13936340,2023-07-03 09:49:32,2676,31351,146,EUR,970.00,30.00
13942095,2023-07-03 10:21:33,2642,33491,148,GBP,1680.00,70.00
13960703,2023-07-03 11:54:07,2714,35571,151,INR,955.00,45.00
13961800,2023-07-03 11:58:26,2714,35571,151,INR,955.00,45.00
13967306,2023-07-03 12:25:18,2657,26621,141,GBP,799.20,199.80
13967540,2023-07-03 12:26:46,2657,26621,141,GBP,1759.20,439.80
13968771,2023-07-03 12:32:10,2714,36061,151,INR,2821.42,57.58
13969432,2023-07-03 12:36:34,2642,33491,148,GBP,960.00,40.00
13989682,2023-07-03 14:36:19,2657,30581,145,GBP,873.01,291.00
14001342,2023-07-03 16:20:52,2732,33001,149,SEK,1920.00,80.00
14001432,2023-07-03 16:21:48,2732,33001,149,SEK,1920.00,80.00
14004940,2023-07-03 16:58:46,2714,35831,151,INR,955.00,45.00
14009078,2023-07-03 17:48:07,2676,30571,146,USD,960.00,40.00
14009454,2023-07-03 17:53:12,2676,11121,126,GBP,970.00,30.00
14009455,2023-07-03 17:53:14,2676,11121,126,GBP,970.00,30.00
14009845,2023-07-03 17:58:40,2732,33001,149,SEK,1920.00,80.00
14010076,2023-07-03 18:01:36,2732,33001,149,SEK,1920.00,80.00
14010198,2023-07-03 18:02:27,2732,33001,149,SEK,1920.00,80.00
14010258,2023-07-03 18:03:10,2732,33001,149,SEK,1920.00,80.00
14010305,2023-07-03 18:03:53,2732,33001,149,SEK,1920.00,80.00
14018993,2023-07-03 20:24:57,2642,33491,148,GBP,2029.44,84.56
14025018,2023-07-03 22:50:10,2676,31311,146,CAD,1920.00,80.00
14029070,2023-07-04 01:07:24,2676,30571,146,USD,1017.60,42.40
14029866,2023-07-04 02:20:45,2676,30571,146,USD,960.00,40.00
14030906,2023-07-04 04:32:50,2676,30571,146,USD,960.00,40.00
14030916,2023-07-04 04:33:44,2676,30571,146,USD,960.00,40.00
14031000,2023-07-04 04:46:02,2676,30571,146,USD,1728.00,72.00
14033196,2023-07-04 06:39:34,2676,30571,146,USD,1920.00,80.00
14064295,2023-07-04 13:19:59,2676,35571,151,INR,955.00,45.00
14064296,2023-07-04 13:20:02,2676,35571,151,INR,955.00,45.00
14064301,2023-07-04 13:20:04,2676,35571,151,INR,955.00,45.00
14064303,2023-07-04 13:20:05,2676,35571,151,INR,955.00,45.00
14064308,2023-07-04 13:20:09,2676,35571,151,INR,955.00,45.00
14064309,2023-07-04 13:20:09,2676,35571,151,INR,955.00,45.00
14064311,2023-07-04 13:20:12,2676,35571,151,INR,955.00,45.00
14065294,2023-07-04 13:33:13,2676,35571,151,INR,955.00,45.00
14065619,2023-07-04 13:37:47,2677,30591,146,GBP,878.43,108.57
14070606,2023-07-04 14:40:38,2732,33031,149,SEK,960.00,40.00
14070608,2023-07-04 14:40:39,2732,33031,149,SEK,960.00,40.00
14070607,2023-07-04 14:40:39,2732,33031,149,SEK,960.00,40.00
14070609,2023-07-04 14:40:40,2732,33031,149,SEK,960.00,40.00
14070610,2023-07-04 14:40:40,2732,33031,149,SEK,960.00,40.00
14073054,2023-07-04 15:10:56,2676,31361,146,EUR,1173.70,36.30
14075630,2023-07-04 15:48:46,2676,35881,151,INR,2450.00,50.00
14082734,2023-07-04 18:05:51,2676,11121,126,GBP,1552.00,48.00
14083669,2023-07-04 18:26:26,2642,33491,148,GBP,2400.00,100.00
14086044,2023-07-04 19:31:48,2714,35881,151,INR,4847.08,98.92
14086050,2023-07-04 19:32:02,2714,35881,151,INR,4847.08,98.92
14086132,2023-07-04 19:34:06,2714,35881,151,INR,4802.00,98.00
14086152,2023-07-04 19:34:57,2714,35881,151,INR,4802.00,98.00
14086188,2023-07-04 19:36:24,2714,35881,151,INR,2940.00,60.00
14086219,2023-07-04 19:36:49,2714,35881,151,INR,1470.00,30.00
14089731,2023-07-04 21:34:29,2676,31351,146,EUR,970.00,30.00
14089895,2023-07-04 21:41:04,2732,40251,156,SEK,960.00,40.00
14090747,2023-07-04 22:28:43,2676,30571,146,USD,1920.00,80.00
14090849,2023-07-04 22:34:17,2676,30571,146,USD,1152.00,48.00
14096495,2023-07-05 05:14:54,2676,30571,146,USD,1728.00,72.00
14097067,2023-07-05 05:44:30,2676,30571,146,USD,1152.00,48.00
14106689,2023-07-05 09:11:25,2676,35281,150,AUD,960.00,40.00
14110048,2023-07-05 09:54:33,2714,35681,151,INR,2387.50,112.50
14117208,2023-07-05 11:15:47,2714,36061,151,INR,3920.00,80.00
14118335,2023-07-05 11:29:09,2714,36421,152,INR,1910.00,90.00
14121558,2023-07-05 12:10:04,2659,11121,126,GBP,1150.50,29.50
14124947,2023-07-05 12:50:00,2714,36061,151,INR,1428.84,29.16
14128136,2023-07-05 13:29:59,2732,33001,149,SEK,1920.00,80.00
14130029,2023-07-05 13:56:25,2676,30571,146,USD,960.00,40.00
14130033,2023-07-05 13:56:27,2676,30571,146,USD,960.00,40.00
14133420,2023-07-05 14:51:46,2714,36961,152,INR,965.00,35.00
14133475,2023-07-05 14:53:21,2714,35751,151,INR,1910.00,90.00
14133806,2023-07-05 15:01:46,2714,36961,152,INR,965.00,35.00
14133979,2023-07-05 15:05:37,2676,31351,146,EUR,1164.00,36.00
14133981,2023-07-05 15:05:48,2642,33491,148,GBP,1151.04,47.96
14134278,2023-07-05 15:12:54,2676,30571,146,USD,960.00,40.00
14142180,2023-07-05 18:53:03,2676,30571,146,USD,1248.00,52.00
14146499,2023-07-05 20:21:44,2676,31351,146,EUR,1940.00,60.00
14146537,2023-07-05 20:22:15,2676,30571,146,USD,960.00,40.00
14146982,2023-07-05 20:31:19,2676,30571,146,USD,1920.00,80.00
14149841,2023-07-05 21:45:54,2676,31351,146,EUR,1940.00,60.00
14149842,2023-07-05 21:45:56,2676,31351,146,EUR,1940.00,60.00
14149843,2023-07-05 21:45:57,2676,31351,146,EUR,1940.00,60.00
14153218,2023-07-05 23:39:49,2676,30571,146,USD,960.00,40.00
14154744,2023-07-06 00:56:17,2676,31351,146,EUR,1940.00,60.00
14154746,2023-07-06 00:56:19,2676,31351,146,EUR,1940.00,60.00
14186018,2023-07-06 08:40:23,2676,30571,146,USD,960.00,40.00
14193491,2023-07-06 08:59:30,2642,33491,148,GBP,2400.00,100.00
14228769,2023-07-06 10:52:08,2657,30581,145,GBP,914.26,304.75
14234604,2023-07-06 11:04:57,2657,26621,141,GBP,1519.20,379.80
14240908,2023-07-06 11:23:19,2714,35881,151,INR,3920.00,80.00
14244109,2023-07-06 11:36:12,2676,11121,126,GBP,970.00,30.00
14255075,2023-07-06 12:08:36,2714,36071,151,INR,1910.00,90.00
14255287,2023-07-06 12:08:49,2714,36071,151,INR,1910.00,90.00
14255526,2023-07-06 12:09:24,2714,35591,151,INR,1930.00,70.00
14276194,2023-07-06 12:52:25,2676,31351,146,EUR,1183.40,36.60
14280692,2023-07-06 13:00:43,2642,27471,142,GBP,919.08,79.92
14300751,2023-07-06 13:47:30,2676,31381,146,EUR,970.00,30.00
14307918,2023-07-06 14:10:54,2714,35581,151,INR,1910.00,90.00
14312096,2023-07-06 14:22:22,2657,26621,141,GBP,879.20,219.80
14339134,2023-07-06 16:06:30,2732,33031,149,SEK,1920.00,80.00
14339133,2023-07-06 16:06:30,2732,33031,149,SEK,1920.00,80.00
14339135,2023-07-06 16:06:31,2732,33031,149,SEK,1920.00,80.00
14339136,2023-07-06 16:06:31,2732,33031,149,SEK,1920.00,80.00
14339137,2023-07-06 16:06:32,2732,33031,149,SEK,1920.00,80.00
14343777,2023-07-06 16:22:45,2642,33491,148,GBP,1343.04,55.96
14356375,2023-07-06 17:19:36,2642,33491,148,GBP,1055.04,43.96
14372618,2023-07-06 18:26:18,2676,28821,144,USD,1650.60,149.40
14372621,2023-07-06 18:26:34,2676,28821,144,USD,1467.20,132.80
14377283,2023-07-06 18:43:02,2642,33491,148,GBP,1151.04,47.96
14399377,2023-07-06 20:13:37,2676,28821,144,USD,1819.33,164.67
14432195,2023-07-06 23:23:25,2676,31351,146,EUR,1940.00,60.00
14435668,2023-07-07 00:08:27,2676,31311,146,CAD,1580.16,65.84
14442152,2023-07-07 03:37:02,2676,30571,146,USD,1344.00,56.00
14447592,2023-07-07 05:58:20,2714,36131,152,INR,1249.50,25.50
14457491,2023-07-07 07:04:45,2714,36161,152,INR,1146.00,54.00
14470112,2023-07-07 07:55:16,2714,36621,152,INR,980.00,20.00
14470246,2023-07-07 07:55:50,2714,36621,152,INR,980.00,20.00
14470395,2023-07-07 07:56:50,2714,36131,152,INR,1144.64,23.36
14471850,2023-07-07 08:02:18,2732,33001,149,SEK,1920.00,80.00
14473281,2023-07-07 08:07:07,2676,36961,152,INR,970.00,30.00
14475033,2023-07-07 08:13:00,2676,31351,146,EUR,970.00,30.00
14507108,2023-07-07 09:50:53,2642,33491,148,GBP,960.00,40.00
14520806,2023-07-07 10:34:20,2732,33031,149,SEK,1920.00,80.00
14520805,2023-07-07 10:34:20,2732,33031,149,SEK,1920.00,80.00
14520808,2023-07-07 10:34:21,2732,33031,149,SEK,1920.00,80.00
14520807,2023-07-07 10:34:21,2732,33031,149,SEK,1920.00,80.00
14520809,2023-07-07 10:34:22,2732,33031,149,SEK,1920.00,80.00
14547300,2023-07-07 11:55:28,2657,26611,141,GBP,2337.50,412.50
14564111,2023-07-07 12:57:10,2657,26621,141,GBP,800.00,200.00
14571334,2023-07-07 13:22:03,2659,31391,146,EUR,970.00,30.00
14582538,2023-07-07 14:07:31,2648,11341,126,GBP,1000.00,0.00
14590518,2023-07-07 14:43:28,2676,31351,146,EUR,1940.00,60.00
14597374,2023-07-07 15:18:48,2732,33031,149,SEK,1920.00,80.00
14597377,2023-07-07 15:18:49,2732,33031,149,SEK,1920.00,80.00
14606903,2023-07-07 16:19:38,2642,33491,148,GBP,1056.00,44.00
14611687,2023-07-07 16:50:43,2676,28821,144,USD,917.00,83.00
14617043,2023-07-07 17:33:24,2676,30571,146,USD,1920.00,80.00
14627860,2023-07-07 19:05:48,2642,33491,148,GBP,948.48,39.52
14632498,2023-07-07 19:48:07,2676,30571,146,USD,1920.00,80.00
14633602,2023-07-07 19:56:45,2676,30571,146,USD,1344.00,56.00
14638673,2023-07-07 22:12:23,2676,31381,146,EUR,1940.00,60.00
14638856,2023-07-07 22:28:40,2676,31361,146,EUR,1164.00,36.00
14642811,2023-07-07 23:32:40,2676,30571,146,USD,1152.00,48.00
14650293,2023-07-08 03:23:57,2676,30571,146,USD,1920.00,80.00
14650394,2023-07-08 03:28:29,2676,30571,146,USD,1920.00,80.00
14652195,2023-07-08 04:59:10,2676,11121,126,GBP,1649.00,51.00
14674086,2023-07-08 07:59:36,2714,35751,151,INR,1910.00,90.00
14704266,2023-07-08 09:44:25,2635,11121,126,GBP,2013.26,62.27
14704418,2023-07-08 09:44:44,2635,11121,126,GBP,1940.00,60.00
14704540,2023-07-08 09:44:57,2635,11121,126,GBP,948.05,29.32
14713737,2023-07-08 10:14:42,2676,11121,126,GBP,1862.40,57.60
14724476,2023-07-08 10:49:08,2657,26621,141,GBP,1051.99,263.00
14724790,2023-07-08 10:50:11,2657,26621,141,GBP,791.20,197.80
14754999,2023-07-08 12:36:05,2642,27471,142,GBP,1679.00,146.00
14779328,2023-07-08 14:19:30,2732,33001,149,SEK,960.00,40.00
14780571,2023-07-08 14:25:23,2642,33491,148,GBP,1151.04,47.96
14802424,2023-07-08 16:38:13,2676,30571,146,USD,1920.00,80.00
14823587,2023-07-08 19:38:43,2676,28821,144,USD,1834.00,166.00
14827792,2023-07-08 20:15:59,2676,11121,126,GBP,970.00,30.00
14829076,2023-07-08 20:27:50,2732,33001,149,SEK,1920.00,80.00
14829187,2023-07-08 20:28:46,2732,33001,149,SEK,1920.00,80.00
14829294,2023-07-08 20:29:32,2732,33001,149,SEK,1920.00,80.00
14829380,2023-07-08 20:30:20,2732,33001,149,SEK,1920.00,80.00
14835965,2023-07-08 21:46:48,2676,30571,146,USD,1536.00,64.00
14842172,2023-07-08 23:27:14,2676,30571,146,USD,1920.00,80.00
14842684,2023-07-08 23:38:30,2676,30571,146,USD,1920.00,80.00
14848254,2023-07-09 02:21:36,2676,30571,146,USD,1920.00,80.00
14849050,2023-07-09 03:05:42,2676,30571,146,USD,1920.00,80.00
14849281,2023-07-09 03:22:37,2676,31381,146,EUR,1794.50,55.50
14861232,2023-07-09 06:49:33,2676,30571,146,USD,960.00,40.00
14899722,2023-07-09 09:25:50,2676,29251,144,USD,1880.00,120.00
14964722,2023-07-09 11:57:06,2676,30571,146,USD,1152.00,48.00
14969901,2023-07-09 12:14:47,2642,11341,126,GBP,900.00,100.00
14972300,2023-07-09 12:22:17,2676,29251,144,USD,1880.00,120.00
14980438,2023-07-09 12:45:12,2714,35831,151,INR,1910.00,90.00
14988545,2023-07-09 13:08:54,2657,26621,141,GBP,840.00,210.00
14989225,2023-07-09 13:10:45,2657,26621,141,GBP,879.20,219.80
15003849,2023-07-09 14:02:15,2642,33491,148,GBP,1726.08,71.92
15020390,2023-07-09 15:08:39,2676,31351,146,EUR,1940.00,60.00
15020399,2023-07-09 15:08:42,2676,31351,146,EUR,970.00,30.00
15027016,2023-07-09 15:41:41,2676,30571,146,USD,1920.00,80.00
15027029,2023-07-09 15:41:43,2676,31351,146,EUR,1358.00,42.00
15028234,2023-07-09 15:48:05,2676,31361,146,EUR,1164.00,36.00
15034094,2023-07-09 16:26:20,2684,11121,126,GBP,979.88,25.12
15046399,2023-07-09 17:38:11,2676,33491,149,GBP,2400.00,100.00
15055839,2023-07-09 18:53:36,2676,30571,146,USD,1920.00,80.00
15058917,2023-07-09 19:20:33,2676,30571,146,USD,1920.00,80.00
15064016,2023-07-09 20:07:06,2676,30571,146,USD,1584.00,66.00
15073504,2023-07-09 22:01:05,2676,30571,146,USD,1920.00,80.00
15078646,2023-07-09 23:36:13,2676,31351,146,EUR,941.87,29.13
15079829,2023-07-10 00:00:58,2676,30571,146,USD,1728.00,72.00
15082804,2023-07-10 01:26:57,2676,28821,144,USD,1801.91,163.09
15085591,2023-07-10 03:14:04,2714,36061,151,INR,2423.54,49.46
15091546,2023-07-10 05:59:46,2714,36061,151,INR,4156.18,84.82
15092204,2023-07-10 06:09:23,2676,30571,146,USD,1920.00,80.00
15092205,2023-07-10 06:09:25,2676,30571,146,USD,1920.00,80.00
15094413,2023-07-10 06:27:25,2676,27251,142,EUR,1900.00,100.00
15096491,2023-07-10 06:40:22,2676,30571,146,USD,1536.00,64.00
15100333,2023-07-10 07:03:01,2642,33491,148,GBP,1056.00,44.00
15117311,2023-07-10 08:09:51,2676,31391,146,EUR,1552.00,48.00
15131216,2023-07-10 08:51:58,2676,31351,146,EUR,1668.40,51.60
15159560,2023-07-10 10:16:55,2642,33491,148,GBP,1007.04,41.96
15183406,2023-07-10 11:22:19,2714,35781,151,INR,1910.00,90.00
15187901,2023-07-10 11:35:33,2676,35281,150,AUD,960.00,40.00
15200737,2023-07-10 12:15:04,2676,31391,146,EUR,970.00,30.00
15201382,2023-07-10 12:16:54,2634,26251,141,GBP,1017.50,82.50
15211367,2023-07-10 12:50:38,2714,36081,152,INR,4847.08,98.92
15229220,2023-07-10 13:54:31,2676,31381,146,EUR,1940.00,60.00
15230496,2023-07-10 13:58:37,2676,30571,146,USD,960.00,40.00
15239550,2023-07-10 14:35:56,2676,30571,146,USD,1920.00,80.00
15244353,2023-07-10 14:55:39,2657,30581,145,GBP,2249.26,749.75
15282872,2023-07-10 18:11:58,2648,11341,126,GBP,1000.00,0.00
15292208,2023-07-10 19:09:00,2676,30571,146,USD,1920.00,80.00
15292844,2023-07-10 19:12:59,2676,30571,146,USD,1920.00,80.00
15294248,2023-07-10 19:20:59,2676,31361,146,EUR,1309.50,40.50
15308059,2023-07-10 20:45:21,2676,31351,146,EUR,970.00,30.00
15330858,2023-07-10 23:49:37,2676,30571,146,USD,1536.00,64.00
15341591,2023-07-11 04:55:35,2676,30571,146,USD,1344.00,56.00
15348308,2023-07-11 06:39:21,2714,36061,151,INR,2422.56,49.44
15361320,2023-07-11 08:04:27,2657,26621,141,GBP,923.99,231.00
15392240,2023-07-11 10:23:43,2676,31381,146,EUR,1940.00,60.00
15400136,2023-07-11 11:01:20,2676,11121,126,GBP,970.00,30.00
15403256,2023-07-11 11:15:57,2714,35781,151,INR,1910.00,90.00
15403561,2023-07-11 11:17:10,2714,35781,151,INR,955.00,45.00
15404499,2023-07-11 11:22:11,2676,31351,146,EUR,970.00,30.00
15423161,2023-07-11 13:06:56,2732,33031,149,SEK,4800.00,200.00
15423167,2023-07-11 13:06:57,2732,33031,149,SEK,4800.00,200.00
15423176,2023-07-11 13:06:58,2732,33031,149,SEK,4800.00,200.00
15423183,2023-07-11 13:06:58,2732,33031,149,SEK,4800.00,200.00
15423188,2023-07-11 13:06:59,2732,33031,149,SEK,4800.00,200.00
15429506,2023-07-11 13:49:36,2732,33031,149,SEK,960.00,40.00
15429508,2023-07-11 13:49:37,2732,33031,149,SEK,960.00,40.00
15429509,2023-07-11 13:49:37,2732,33031,149,SEK,960.00,40.00
15429511,2023-07-11 13:49:38,2732,33031,149,SEK,960.00,40.00
15429510,2023-07-11 13:49:38,2732,33031,149,SEK,960.00,40.00
15432159,2023-07-11 14:09:27,2732,33031,149,SEK,1920.00,80.00
15432291,2023-07-11 14:10:10,2732,33031,149,SEK,1920.00,80.00
15432429,2023-07-11 14:10:58,2714,35881,151,INR,4900.00,100.00
15432920,2023-07-11 14:13:51,2714,35881,151,INR,1470.00,30.00
15434289,2023-07-11 14:24:14,2676,31351,146,EUR,1940.00,60.00
15446998,2023-07-11 16:13:02,2732,40251,156,SEK,960.00,40.00
15453425,2023-07-11 17:18:06,2676,30571,146,USD,960.00,40.00
15457870,2023-07-11 18:10:05,2676,30571,146,USD,1344.00,56.00
15465514,2023-07-11 20:01:41,2642,33491,148,GBP,1056.00,44.00
15466349,2023-07-11 20:16:48,2676,30571,146,USD,960.00,40.00
15466753,2023-07-11 20:23:37,2676,31351,146,EUR,1940.00,60.00
15477096,2023-07-12 00:44:21,2676,30571,146,USD,1920.00,80.00
15477533,2023-07-12 00:57:41,2725,29251,145,USD,946.00,54.00
15480464,2023-07-12 04:06:14,2676,30571,146,USD,1104.00,46.00
15495342,2023-07-12 08:53:54,2642,27471,142,GBP,1191.40,103.60
15525476,2023-07-12 12:19:04,2676,30571,146,USD,1920.00,80.00
15525595,2023-07-12 12:19:46,2642,33491,148,GBP,959.04,39.96
15533552,2023-07-12 13:41:20,2676,30571,146,USD,960.00,40.00
15539751,2023-07-12 15:43:42,2676,30571,146,USD,1344.00,56.00
15539992,2023-07-12 15:48:24,2676,30571,146,USD,1920.00,80.00
15540297,2023-07-12 15:55:10,2642,26321,141,GBP,1152.00,48.00
15547385,2023-07-12 19:11:00,2676,31351,146,EUR,1358.00,42.00
15548384,2023-07-12 19:35:24,2676,31351,146,EUR,1280.40,39.60
15548848,2023-07-12 19:46:44,2676,31351,146,EUR,970.00,30.00
15548849,2023-07-12 19:46:46,2676,31351,146,EUR,970.00,30.00
15551987,2023-07-12 20:27:03,2676,11121,126,GBP,1940.00,60.00
15557049,2023-07-12 21:22:44,2676,31381,146,EUR,970.00,30.00
15558266,2023-07-12 21:39:51,2676,31351,146,EUR,1164.00,36.00
15559259,2023-07-12 21:54:45,2676,30571,146,USD,1248.00,52.00
15569123,2023-07-13 02:01:26,2676,30571,146,USD,1920.00,80.00
15570590,2023-07-13 04:52:40,2676,11121,126,GBP,970.00,30.00
15570591,2023-07-13 04:52:48,2676,30571,146,USD,1344.00,56.00
15570593,2023-07-13 04:52:50,2676,30571,146,USD,1920.00,80.00
15570692,2023-07-13 05:04:40,2714,35751,151,INR,1910.00,90.00
15570800,2023-07-13 05:08:34,2676,30571,146,USD,1152.00,48.00
15570869,2023-07-13 05:11:39,2714,36021,151,INR,1980.00,20.00
15570941,2023-07-13 05:14:54,2676,31351,146,EUR,1358.00,42.00
15637732,2023-07-13 08:59:30,2714,36081,152,INR,2474.50,50.50
15637834,2023-07-13 08:59:47,2714,36081,152,INR,2474.50,50.50
15638864,2023-07-13 09:01:57,2676,31311,146,CAD,1033.92,43.08
15658987,2023-07-13 09:31:19,2714,35681,151,INR,2387.50,112.50
15668786,2023-07-13 09:45:57,2714,35681,151,INR,1910.00,90.00
15686997,2023-07-13 10:16:46,2714,36061,151,INR,4847.08,98.92
15729924,2023-07-13 11:20:22,2714,35881,151,INR,2423.54,49.46
15730345,2023-07-13 11:21:00,2714,35881,151,INR,2423.54,49.46
15730690,2023-07-13 11:21:26,2714,35881,151,INR,2423.54,49.46
15732034,2023-07-13 11:23:14,2714,35881,151,INR,2423.54,49.46
15732244,2023-07-13 11:23:28,2714,35881,151,INR,2423.54,49.46
15749970,2023-07-13 11:51:44,2714,35881,151,INR,2423.54,49.46
15754885,2023-07-13 11:59:36,2714,35881,151,INR,2420.60,49.40
15775894,2023-07-13 12:30:39,2676,31311,146,CAD,1516.80,63.20
15779517,2023-07-13 12:36:41,2648,38711,153,GBP,1814.40,75.60
15783109,2023-07-13 12:42:31,2645,11121,126,GBP,937.56,29.00
15845707,2023-07-13 14:26:32,2714,36061,151,INR,4847.08,98.92
15869044,2023-07-13 15:09:58,2676,30571,146,USD,960.00,40.00
15880226,2023-07-13 15:28:01,2657,26621,141,GBP,1152.38,288.09
15882176,2023-07-13 15:31:38,2642,33491,148,GBP,1121.28,46.72
15883834,2023-07-13 15:35:03,2657,26621,141,GBP,773.73,193.43
15936149,2023-07-13 17:30:06,2659,30571,145,USD,1323.84,55.16
15943267,2023-07-13 17:46:00,2732,33031,149,SEK,4800.00,200.00
15943265,2023-07-13 17:46:00,2732,33031,149,SEK,4800.00,200.00
15943274,2023-07-13 17:46:01,2732,33031,149,SEK,4800.00,200.00
15943270,2023-07-13 17:46:01,2732,33031,149,SEK,4800.00,200.00
15943283,2023-07-13 17:46:02,2732,33031,149,SEK,4800.00,200.00
16006594,2023-07-13 20:27:29,2642,33491,148,GBP,1824.00,76.00
16021087,2023-07-13 21:07:20,2676,28821,144,USD,1788.15,161.85
16039247,2023-07-13 22:03:03,2659,11121,126,GBP,1321.13,33.87
16040799,2023-07-13 22:10:03,2659,11121,126,GBP,1467.38,37.62
16042121,2023-07-13 22:16:03,2659,31391,146,EUR,1940.00,60.00
16058145,2023-07-14 00:11:03,2659,31391,146,EUR,1940.00,60.00
16058919,2023-07-14 00:20:57,2676,31311,146,CAD,1344.00,56.00
16060395,2023-07-14 00:45:20,2676,31351,146,EUR,1358.00,42.00
16060461,2023-07-14 00:46:21,2676,31351,146,EUR,1018.50,31.50
16061924,2023-07-14 01:14:38,2676,30571,146,USD,1920.00,80.00
16063756,2023-07-14 01:59:21,2676,29251,144,USD,940.00,60.00
16067219,2023-07-14 04:05:43,2676,30571,146,USD,960.00,40.00
16072332,2023-07-14 05:41:15,2676,30571,146,USD,1920.00,80.00
16075932,2023-07-14 06:07:45,2676,35671,151,INR,80805.24,2930.76
16076646,2023-07-14 06:11:51,2714,36131,152,INR,2591.12,52.88
16078542,2023-07-14 06:21:46,2676,35671,151,INR,3405.49,123.51
16112810,2023-07-14 07:59:53,2676,36691,152,INR,14625.00,375.00
16131875,2023-07-14 08:38:25,2657,26621,141,GBP,811.19,202.80
16154378,2023-07-14 09:19:13,2642,33491,148,GBP,1054.08,43.92
16159473,2023-07-14 09:25:29,2676,30571,146,USD,1344.00,56.00
16208266,2023-07-14 10:40:40,2714,36961,152,INR,965.00,35.00
16221211,2023-07-14 11:00:52,2714,36061,151,INR,4848.06,98.94
16253160,2023-07-14 11:57:03,2676,31381,146,EUR,1940.00,60.00
16259734,2023-07-14 12:09:40,2714,36961,152,INR,965.00,35.00
16264128,2023-07-14 12:18:33,2714,35881,151,INR,2940.00,60.00
16264718,2023-07-14 12:19:53,2657,26621,141,GBP,1600.00,400.00
16306954,2023-07-14 14:03:08,2642,33491,148,GBP,1912.32,79.68
16310288,2023-07-14 14:13:15,2676,31391,146,EUR,1940.00,60.00
16318402,2023-07-14 14:37:23,2676,31391,146,EUR,1940.00,60.00
16323506,2023-07-14 14:53:03,2659,11121,126,GBP,1209.00,31.00
16330514,2023-07-14 15:16:08,2676,30571,146,USD,1152.00,48.00
16332358,2023-07-14 15:22:46,2676,31381,146,EUR,970.00,30.00
16332368,2023-07-14 15:22:48,2676,30571,146,USD,1536.00,64.00
16341627,2023-07-14 15:58:14,2714,36131,152,INR,980.00,20.00
16346108,2023-07-14 16:14:26,2714,36061,151,INR,4900.00,100.00
16352605,2023-07-14 16:37:26,2732,33031,149,SEK,1920.00,80.00
16406993,2023-07-14 19:56:12,2732,33031,149,SEK,1920.00,80.00
16407395,2023-07-14 19:57:45,2732,33031,149,SEK,960.00,40.00
16407398,2023-07-14 19:57:45,2732,33031,149,SEK,960.00,40.00
16407402,2023-07-14 19:57:46,2732,33031,149,SEK,960.00,40.00
16407405,2023-07-14 19:57:46,2732,33031,149,SEK,960.00,40.00
16407407,2023-07-14 19:57:47,2732,33031,149,SEK,960.00,40.00
16416609,2023-07-14 20:35:32,2634,11341,126,GBP,900.00,100.00
16447545,2023-07-14 23:22:39,2676,31311,146,CAD,1920.00,80.00
16451240,2023-07-15 00:02:26,2676,30561,146,SEK,2325.00,175.00
16487617,2023-07-15 07:13:40,2714,36551,152,INR,979.11,9.89
16501072,2023-07-15 07:52:07,2714,35781,151,INR,955.00,45.00
16503409,2023-07-15 08:03:19,2676,30571,146,USD,1344.00,56.00
16530846,2023-07-15 09:06:42,2634,26251,141,GBP,949.05,76.95
16554535,2023-07-15 09:47:43,2714,35881,151,INR,2423.54,49.46
16554740,2023-07-15 09:48:09,2714,35881,151,INR,2423.54,49.46
16569875,2023-07-15 10:20:20,2676,31381,146,EUR,970.00,30.00
16593396,2023-07-15 11:06:44,2642,33491,148,GBP,2128.32,88.68
16615073,2023-07-15 11:51:02,2676,31351,146,EUR,970.00,30.00
16634238,2023-07-15 12:43:21,2648,11341,126,GBP,1000.00,0.00
16644918,2023-07-15 13:09:23,2645,33491,148,GBP,953.90,39.75
16648046,2023-07-15 13:16:21,2676,11121,126,GBP,1746.00,54.00
16698143,2023-07-15 15:45:00,2642,33491,148,GBP,960.00,40.00
16700958,2023-07-15 15:54:19,2676,30571,146,USD,960.00,40.00
16718646,2023-07-15 16:57:22,2714,36131,152,INR,1372.98,28.02
16719935,2023-07-15 17:02:09,2676,31351,146,EUR,970.00,30.00
16727779,2023-07-15 17:31:19,2676,30571,146,USD,1152.00,48.00
16728698,2023-07-15 17:35:07,2714,35581,151,INR,1910.00,90.00
16728826,2023-07-15 17:35:41,2714,35571,151,INR,955.00,45.00
16732100,2023-07-15 17:49:10,2642,33491,148,GBP,1299.84,54.16
16743014,2023-07-15 18:34:52,2676,30571,146,USD,1920.00,80.00
16746580,2023-07-15 18:49:54,2714,35681,151,INR,1910.00,90.00
16746655,2023-07-15 18:50:23,2714,35681,151,INR,955.00,45.00
16771774,2023-07-15 20:51:40,2648,11341,126,GBP,1000.00,0.00
16779327,2023-07-15 21:44:21,2676,30571,146,USD,1248.00,52.00
16796383,2023-07-16 01:19:19,2676,30571,146,USD,1920.00,80.00
16799496,2023-07-16 02:47:48,2676,30571,146,USD,960.00,40.00
16817635,2023-07-16 06:44:13,2676,30571,146,USD,1920.00,80.00
16817642,2023-07-16 06:44:15,2676,29251,144,USD,1880.00,120.00
16818874,2023-07-16 06:49:57,2676,35281,150,AUD,1166.40,48.60
16841020,2023-07-16 08:08:59,2732,33031,149,SEK,1920.00,80.00
16841269,2023-07-16 08:09:49,2732,33031,149,SEK,1920.00,80.00
16865160,2023-07-16 09:13:19,2676,30571,146,USD,960.00,40.00
16872359,2023-07-16 09:30:56,2657,26621,141,GBP,836.00,209.00
16878898,2023-07-16 09:47:22,2676,31351,146,EUR,1416.20,43.80
16887867,2023-07-16 10:11:50,2657,30581,145,GBP,756.76,252.25
16910718,2023-07-16 11:14:19,2676,35991,151,INR,12740.00,260.00
16921327,2023-07-16 11:45:02,2657,26621,141,GBP,1050.00,262.50
16931438,2023-07-16 12:17:01,2676,31361,146,EUR,970.00,30.00
16968414,2023-07-16 14:22:06,2642,33491,148,GBP,1920.00,80.00
16974766,2023-07-16 14:45:37,2676,28821,144,USD,1834.00,166.00
16988102,2023-07-16 15:41:08,2657,26621,141,GBP,1943.96,485.99
16995083,2023-07-16 16:19:03,2659,11121,126,GBP,975.00,25.00
16998747,2023-07-16 16:38:02,2676,11121,126,GBP,970.00,30.00
16999087,2023-07-16 16:40:27,2676,31351,146,EUR,1940.00,60.00
17042224,2023-07-16 22:41:20,2676,11121,126,GBP,970.00,30.00
17047004,2023-07-16 23:52:28,2676,30571,146,USD,1920.00,80.00
17049114,2023-07-17 00:29:07,2676,30571,146,USD,1920.00,80.00
17050663,2023-07-17 01:00:44,2725,29251,145,USD,946.00,54.00
17051760,2023-07-17 01:30:37,2676,30571,146,USD,1920.00,80.00
17052683,2023-07-17 02:00:22,2676,30571,146,USD,1920.00,80.00
17055702,2023-07-17 03:42:21,2676,30571,146,USD,960.00,40.00
17067714,2023-07-17 05:54:30,2725,36011,152,INR,960.00,40.00
17081997,2023-07-17 06:46:33,2732,40251,156,SEK,960.00,40.00
17085663,2023-07-17 06:56:25,2676,31361,146,EUR,1164.00,36.00
17097910,2023-07-17 07:28:12,2642,33491,148,GBP,1026.24,42.76
17106599,2023-07-17 07:48:39,2714,35731,151,INR,1910.00,90.00
17107440,2023-07-17 07:50:45,2676,31381,146,EUR,970.00,30.00
17130318,2023-07-17 08:37:00,2732,40251,156,SEK,960.00,40.00
17160446,2023-07-17 09:36:50,2676,35281,150,AUD,960.00,40.00
17180435,2023-07-17 10:21:49,2657,26621,141,GBP,959.20,239.80
17197212,2023-07-17 10:56:47,2676,36901,152,INR,1940.00,60.00
17204597,2023-07-17 11:14:32,2642,33491,148,GBP,987.84,41.16
17204795,2023-07-17 11:15:01,2714,35881,151,INR,4900.00,100.00
17220454,2023-07-17 11:53:36,2645,33491,148,GBP,1602.90,66.79
17230283,2023-07-17 12:17:36,2708,26831,142,GBP,1152.00,48.00
17239017,2023-07-17 12:40:51,2714,35881,151,INR,2423.54,49.46
17239165,2023-07-17 12:41:16,2714,35881,151,INR,1960.00,40.00
17252409,2023-07-17 13:16:45,2714,36061,151,INR,952.56,19.44
17254495,2023-07-17 13:23:15,2634,26251,141,GBP,1571.58,127.42
17283166,2023-07-17 14:53:08,2642,33491,148,GBP,1919.04,79.96
17284816,2023-07-17 14:58:43,2714,35751,151,INR,1910.00,90.00
17285696,2023-07-17 15:01:38,2714,35751,151,INR,1910.00,90.00
17292513,2023-07-17 15:23:07,2648,38711,153,GBP,950.40,39.60
17297786,2023-07-17 15:41:19,2657,26621,141,GBP,895.20,223.80
17300755,2023-07-17 15:51:28,2657,30581,145,GBP,834.44,278.15
17316308,2023-07-17 16:51:01,2676,35671,151,INR,59333.99,2152.01
17337093,2023-07-17 18:23:48,2642,33491,148,GBP,2230.08,92.92
17353363,2023-07-17 19:56:02,2676,31311,146,CAD,1344.00,56.00
17354873,2023-07-17 20:05:29,2714,36621,152,INR,1960.00,40.00
17354924,2023-07-17 20:05:54,2714,36621,152,INR,1960.00,40.00
17356323,2023-07-17 20:16:24,2676,30571,146,USD,1248.00,52.00
17357617,2023-07-17 20:25:06,2676,31311,146,CAD,960.00,40.00
17359127,2023-07-17 20:36:14,2642,33491,148,GBP,1294.08,53.92
17373169,2023-07-17 22:51:08,2676,30571,146,USD,1584.00,66.00
17373178,2023-07-17 22:51:14,2676,31311,146,CAD,1920.00,80.00
17374093,2023-07-17 23:04:05,2676,30571,146,USD,1704.00,71.00
17376049,2023-07-17 23:28:33,2676,30571,146,USD,1920.00,80.00
17376813,2023-07-17 23:37:21,2676,30571,146,USD,1440.00,60.00
17382891,2023-07-18 02:25:37,2676,30571,146,USD,1608.00,67.00
17391529,2023-07-18 07:17:27,2676,35671,151,INR,51395.90,1864.10
17392946,2023-07-18 07:32:42,2714,36131,152,INR,2716.56,55.44
17394840,2023-07-18 07:47:47,2714,36131,152,INR,1409.24,28.76
17396975,2023-07-18 08:04:13,2714,35581,151,INR,1910.00,90.00
17418749,2023-07-18 10:10:35,2714,36021,151,INR,4950.00,50.00
17418857,2023-07-18 10:11:17,2714,36021,151,INR,4950.00,50.00
17418894,2023-07-18 10:11:29,2714,36021,151,INR,4950.00,50.00
17421577,2023-07-18 10:25:05,2714,36021,151,INR,1980.00,20.00
17426381,2023-07-18 10:49:35,2714,36021,151,INR,990.00,10.00
17431085,2023-07-18 11:11:32,2714,36621,152,INR,980.00,20.00
17441517,2023-07-18 12:08:20,2677,30711,146,GBP,964.80,107.20
17448758,2023-07-18 12:48:47,2714,36061,151,INR,1078.00,22.00
17459907,2023-07-18 14:00:13,2642,33491,148,GBP,1152.00,48.00
17462101,2023-07-18 14:15:05,2714,35681,151,INR,2387.50,112.50
17462846,2023-07-18 14:20:22,2714,35681,151,INR,1910.00,90.00
17464830,2023-07-18 14:33:45,2676,35671,151,INR,51395.90,1864.10
17474980,2023-07-18 15:49:48,2676,30571,146,USD,1920.00,80.00
17474990,2023-07-18 15:49:50,2676,30571,146,USD,960.00,40.00
17479556,2023-07-18 16:30:20,2725,29251,145,USD,1892.00,108.00
17479558,2023-07-18 16:30:21,2725,29251,145,USD,1892.00,108.00
17480407,2023-07-18 16:39:46,2676,31381,146,EUR,1940.00,60.00
17485176,2023-07-18 17:29:51,2676,30571,146,USD,960.00,40.00
17485700,2023-07-18 17:35:48,2714,36131,152,INR,1215.20,24.80
17491402,2023-07-18 18:49:20,2676,31351,146,EUR,970.00,30.00
17496835,2023-07-18 20:14:17,2676,30571,146,USD,1344.00,56.00
17496837,2023-07-18 20:14:19,2676,31391,146,EUR,995.22,30.78
17496838,2023-07-18 20:14:21,2642,33491,148,GBP,1056.00,44.00
17503069,2023-07-18 22:13:37,2676,30571,146,USD,1920.00,80.00
17511519,2023-07-19 01:34:32,2676,31351,146,EUR,970.00,30.00
17511592,2023-07-19 01:40:35,2676,31351,146,EUR,1940.00,60.00
17511663,2023-07-19 01:44:07,2676,31351,146,EUR,1920.60,59.40
17512479,2023-07-19 02:59:44,2676,30571,146,USD,1536.00,64.00
17512534,2023-07-19 03:06:33,2676,30571,146,USD,960.00,40.00
17519305,2023-07-19 07:38:15,2676,31351,146,EUR,1455.00,45.00
17520894,2023-07-19 07:59:05,2714,36621,152,INR,1960.00,40.00
17525353,2023-07-19 08:38:34,2714,36621,152,INR,980.00,20.00
17552147,2023-07-19 11:37:03,2659,31381,146,EUR,970.00,30.00
17560271,2023-07-19 12:28:55,2676,11121,126,GBP,1358.00,42.00
17562327,2023-07-19 12:44:19,2642,33491,148,GBP,1732.80,72.20
17564424,2023-07-19 13:00:11,2714,35881,151,INR,4311.02,87.98
17564452,2023-07-19 13:00:24,2714,35881,151,INR,4311.02,87.98
17564524,2023-07-19 13:00:57,2714,35881,151,INR,4311.02,87.98
17575074,2023-07-19 14:26:54,2676,31351,146,EUR,970.00,30.00
17580107,2023-07-19 15:30:57,2714,36061,151,INR,2423.54,49.46
17589370,2023-07-19 17:50:04,2659,31381,146,EUR,970.00,30.00
17590576,2023-07-19 18:10:04,2642,33491,148,GBP,1152.00,48.00
17590934,2023-07-19 18:16:16,2676,31311,146,CAD,1152.00,48.00
17592749,2023-07-19 18:46:18,2714,35881,151,INR,4311.02,87.98
17593521,2023-07-19 18:58:56,2714,35881,151,INR,4311.02,87.98
17593879,2023-07-19 19:06:32,2714,35881,151,INR,4847.08,98.92
17594655,2023-07-19 19:19:12,2714,35881,151,INR,4847.08,98.92
17594853,2023-07-19 19:22:14,2714,35881,151,INR,4311.02,87.98
17595028,2023-07-19 19:24:37,2676,30571,146,USD,1344.00,56.00
17595244,2023-07-19 19:27:41,2714,35881,151,INR,4311.02,87.98
17595249,2023-07-19 19:27:52,2714,35881,151,INR,4311.02,87.98
17596047,2023-07-19 19:40:35,2676,30571,146,USD,1920.00,80.00
17601252,2023-07-19 21:01:32,2647,26491,141,GBP,1425.00,75.00
17602958,2023-07-19 21:28:59,2676,31351,146,EUR,1940.00,60.00
17609883,2023-07-20 00:06:05,2676,30571,146,USD,1344.00,56.00
17612203,2023-07-20 02:23:19,2676,29251,144,USD,1692.00,108.00
17612836,2023-07-20 03:12:34,2676,30571,146,USD,960.00,40.00
17613727,2023-07-20 05:13:57,2714,35881,151,INR,4311.02,87.98
17613770,2023-07-20 05:16:21,2714,35881,151,INR,4311.02,87.98
17619064,2023-07-20 06:25:02,2714,35781,151,INR,955.00,45.00
17619653,2023-07-20 06:28:56,2714,35681,151,INR,1910.00,90.00
17619764,2023-07-20 06:29:47,2714,35681,151,INR,955.00,45.00
17619857,2023-07-20 06:30:33,2714,35681,151,INR,955.00,45.00
17645395,2023-07-20 07:47:31,2714,35551,151,INR,955.00,45.00
17690914,2023-07-20 09:02:18,2657,26621,141,GBP,1283.70,320.92
17692698,2023-07-20 09:05:30,2714,35881,151,INR,4311.02,87.98
17692924,2023-07-20 09:05:52,2714,35881,151,INR,4311.02,87.98
17693392,2023-07-20 09:06:41,2714,35881,151,INR,4311.02,87.98
17696313,2023-07-20 09:10:12,2714,35881,151,INR,4311.02,87.98
17721390,2023-07-20 09:40:14,2642,33491,148,GBP,1439.04,59.96
17766251,2023-07-20 10:42:56,2676,30571,146,USD,1920.00,80.00
17815854,2023-07-20 11:49:32,2642,33491,148,GBP,1248.00,52.00
17815950,2023-07-20 11:49:40,2657,26621,141,GBP,800.00,200.00
17816003,2023-07-20 11:49:45,2657,26621,141,GBP,800.00,200.00
17816256,2023-07-20 11:50:10,2657,26621,141,GBP,800.00,200.00
17839584,2023-07-20 12:21:33,2676,31381,146,EUR,1164.00,36.00
17859162,2023-07-20 12:46:52,2657,30581,145,GBP,836.24,278.75
17920064,2023-07-20 14:15:53,2642,33491,148,GBP,1281.60,53.40
17943050,2023-07-20 14:43:44,2732,33031,149,SEK,960.00,40.00
17943049,2023-07-20 14:43:44,2732,33031,149,SEK,960.00,40.00
17943071,2023-07-20 14:43:45,2732,33031,149,SEK,960.00,40.00
17943058,2023-07-20 14:43:45,2732,33031,149,SEK,960.00,40.00
17943087,2023-07-20 14:43:46,2732,33031,149,SEK,960.00,40.00
17978401,2023-07-20 15:34:27,2732,33001,149,SEK,1920.00,80.00
18002832,2023-07-20 16:13:45,2657,30581,145,GBP,828.74,276.25
18043548,2023-07-20 17:13:20,2732,33001,149,SEK,1920.00,80.00
18100183,2023-07-20 18:35:13,2676,31351,146,EUR,970.00,30.00
18118951,2023-07-20 19:10:33,2642,33491,148,GBP,2313.60,96.40
18217475,2023-07-20 22:24:03,2659,31351,146,EUR,1940.00,60.00
18252657,2023-07-21 03:24:47,2676,30571,146,USD,1152.00,48.00
18254199,2023-07-21 04:09:55,2676,30571,146,USD,960.00,40.00
18254550,2023-07-21 04:18:11,2714,36611,152,INR,1910.00,90.00
18254570,2023-07-21 04:18:33,2714,36611,152,INR,955.00,45.00
18254692,2023-07-21 04:20:38,2676,30571,146,USD,960.00,40.00
18298217,2023-07-21 08:00:00,2676,31351,146,EUR,1164.00,36.00
18341980,2023-07-21 09:18:14,2732,33031,149,SEK,960.00,40.00
18341993,2023-07-21 09:18:15,2732,33031,149,SEK,960.00,40.00
18342002,2023-07-21 09:18:16,2732,33031,149,SEK,960.00,40.00
18342014,2023-07-21 09:18:16,2732,33031,149,SEK,960.00,40.00
18342020,2023-07-21 09:18:17,2732,33031,149,SEK,960.00,40.00
18395877,2023-07-21 10:33:20,2645,30711,145,GBP,900.00,100.00
18508414,2023-07-21 13:38:59,2657,26621,141,GBP,988.00,247.00
18573944,2023-07-21 16:29:24,2648,27381,142,GBP,900.00,100.00
18582460,2023-07-21 17:00:53,2676,30571,146,USD,960.00,40.00
18583082,2023-07-21 17:03:07,2732,33001,149,SEK,1920.00,80.00
18583483,2023-07-21 17:04:49,2732,33001,149,SEK,1920.00,80.00
18587204,2023-07-21 17:21:08,2676,11121,126,GBP,1164.00,36.00
18587263,2023-07-21 17:21:25,2676,31311,146,CAD,1536.00,64.00
18593393,2023-07-21 17:48:31,2714,35881,151,INR,4017.02,81.98
18594349,2023-07-21 17:52:45,2676,30571,146,USD,1440.00,60.00
18598553,2023-07-21 18:11:29,2676,30571,146,USD,1920.00,80.00
18605206,2023-07-21 18:43:26,2676,30571,146,USD,960.00,40.00
18607880,2023-07-21 18:56:29,2714,35681,151,INR,2387.50,112.50
18609365,2023-07-21 19:04:06,2642,33491,148,GBP,1530.24,63.76
18628788,2023-07-21 20:45:47,2634,26251,141,GBP,1294.08,104.92
18640310,2023-07-21 22:03:34,2676,35611,151,INR,975.00,25.00
18640363,2023-07-21 22:04:08,2676,35611,151,INR,975.00,25.00
18651803,2023-07-21 23:55:44,2676,35611,151,INR,975.00,25.00
18651852,2023-07-21 23:56:19,2676,35611,151,INR,975.00,25.00
18653746,2023-07-22 00:20:38,2676,30571,146,USD,960.00,40.00
18659843,2023-07-22 02:26:03,2659,11121,126,GBP,1170.00,30.00
18662253,2023-07-22 04:04:15,2676,30571,146,USD,1492.80,62.20
18668856,2023-07-22 06:09:04,2714,36131,152,INR,1021.16,20.84
18688621,2023-07-22 07:57:17,2732,40251,156,SEK,960.00,40.00
18699275,2023-07-22 08:30:13,2676,31381,146,EUR,1940.00,60.00
18723046,2023-07-22 09:19:49,2676,31351,146,EUR,970.00,30.00
18734226,2023-07-22 09:45:15,2677,26831,142,GBP,1910.00,90.00
18744625,2023-07-22 10:11:54,2714,35881,151,INR,4900.00,100.00
18751859,2023-07-22 10:29:27,2676,31351,146,EUR,1746.00,54.00
18752753,2023-07-22 10:31:37,2714,36481,152,INR,1960.00,40.00
18760071,2023-07-22 10:49:50,2676,31351,146,EUR,970.00,30.00
18793728,2023-07-22 12:35:10,2714,35581,151,INR,955.00,45.00
18795485,2023-07-22 12:40:56,2634,26251,141,GBP,1099.83,89.17
18804586,2023-07-22 13:11:36,2676,35281,150,AUD,1536.00,64.00
18827542,2023-07-22 14:39:49,2676,35611,151,INR,9750.00,250.00
18827548,2023-07-22 14:39:50,2676,35611,151,INR,9750.00,250.00
18829427,2023-07-22 14:47:05,2676,30571,146,USD,960.00,40.00
18850186,2023-07-22 16:25:34,2676,11121,126,GBP,1940.00,60.00
18851992,2023-07-22 16:36:02,2676,30571,146,USD,1728.00,72.00
18853336,2023-07-22 16:44:00,2676,33491,149,GBP,981.12,40.88
18859593,2023-07-22 17:21:03,2659,11121,126,GBP,1062.75,27.25
18861787,2023-07-22 17:34:26,2676,30571,146,USD,960.00,40.00
18868508,2023-07-22 18:22:30,2676,31351,146,EUR,1261.00,39.00
18870547,2023-07-22 18:36:58,2676,31351,146,EUR,1940.00,60.00
18882964,2023-07-22 20:16:28,2732,33031,149,SEK,1920.00,80.00
18882966,2023-07-22 20:16:28,2732,33031,149,SEK,1920.00,80.00
18883949,2023-07-22 20:24:17,2642,33491,148,GBP,1919.04,79.96
18904729,2023-07-23 01:08:22,2676,29251,144,USD,1880.00,120.00
18906098,2023-07-23 02:13:23,2676,36131,151,INR,1162.26,11.74
18907766,2023-07-23 04:39:28,2714,35881,151,INR,4311.02,87.98
18907774,2023-07-23 04:54:30,2714,35611,151,INR,4822.35,123.65
18907789,2023-07-23 05:06:48,2714,35611,151,INR,4387.50,112.50
18910080,2023-07-23 06:46:07,2714,36131,152,INR,980.00,20.00
18910658,2023-07-23 06:49:51,2676,11121,126,GBP,1164.00,36.00
18911897,2023-07-23 06:59:46,2714,36131,152,INR,1997.24,40.76
18913160,2023-07-23 07:08:52,2714,35611,151,INR,975.00,25.00
18913856,2023-07-23 07:14:13,2714,35611,151,INR,1633.13,41.87
18915997,2023-07-23 07:27:51,2676,36081,151,INR,2940.00,60.00
18919214,2023-07-23 07:48:45,2714,35611,151,INR,4516.20,115.80
18933179,2023-07-23 09:04:07,2642,33491,148,GBP,1032.00,43.00
18934526,2023-07-23 09:10:20,2714,35611,151,INR,2437.50,62.50
18965074,2023-07-23 11:20:11,2642,35421,150,GBP,1000.00,0.00
18969864,2023-07-23 11:41:34,2657,26621,141,GBP,2015.16,503.79
18977474,2023-07-23 12:15:08,2714,35751,151,INR,955.00,45.00
18994324,2023-07-23 13:38:55,2676,31381,146,EUR,1212.50,37.50
18995399,2023-07-23 13:44:22,2648,11341,126,GBP,1000.00,0.00
18999259,2023-07-23 14:06:13,2677,26831,142,GBP,1910.00,90.00
19001088,2023-07-23 14:17:17,2676,31351,146,EUR,970.00,30.00
19011969,2023-07-23 15:24:06,2657,26621,141,GBP,850.00,212.50
19017375,2023-07-23 15:59:45,2732,33031,149,SEK,960.00,40.00
19017376,2023-07-23 15:59:46,2732,33031,149,SEK,960.00,40.00
19019305,2023-07-23 16:13:28,2657,30581,145,GBP,750.00,250.00
19024300,2023-07-23 16:51:04,2676,30571,146,USD,960.00,40.00
19025339,2023-07-23 16:59:23,2714,35611,151,INR,2145.00,55.00
19026232,2023-07-23 17:06:59,2714,36961,152,INR,965.00,35.00
19030977,2023-07-23 17:43:36,2714,35611,151,INR,2924.03,74.97
19037253,2023-07-23 18:36:36,2676,30571,146,USD,960.00,40.00
19038011,2023-07-23 18:44:06,2648,11341,126,GBP,1000.00,0.00
19048979,2023-07-23 20:49:58,2676,30571,146,USD,1920.00,80.00
19056454,2023-07-23 22:30:48,2676,31361,146,EUR,1940.00,60.00
19060133,2023-07-23 23:43:54,2676,30571,146,USD,1920.00,80.00
19066055,2023-07-24 02:24:02,2676,30571,146,USD,960.00,40.00
19070432,2023-07-24 05:46:51,2676,30571,146,USD,960.00,40.00
19070988,2023-07-24 05:55:29,2676,31381,146,EUR,970.00,30.00
19070989,2023-07-24 05:55:31,2676,31381,146,EUR,970.00,30.00
19098604,2023-07-24 09:25:30,2676,30571,146,USD,960.00,40.00
19101361,2023-07-24 09:39:15,2676,31361,146,EUR,970.00,30.00
19106534,2023-07-24 10:07:32,2732,33031,149,SEK,960.00,40.00
19107956,2023-07-24 10:11:15,2732,33031,149,SEK,960.00,40.00
19109397,2023-07-24 10:17:52,2657,26621,141,GBP,1250.00,312.50
19135404,2023-07-24 12:35:49,2676,30571,146,USD,960.00,40.00
19143886,2023-07-24 13:30:52,2714,35611,151,INR,4748.25,121.75
19147853,2023-07-24 13:54:45,2714,35611,151,INR,2411.18,61.82
19149231,2023-07-24 14:04:57,2657,26621,141,GBP,800.00,200.00
19149905,2023-07-24 14:10:09,2657,26621,141,GBP,1392.79,348.20
19156527,2023-07-24 14:58:21,2714,36961,152,INR,965.00,35.00
19158396,2023-07-24 15:12:46,2676,31351,146,EUR,1940.00,60.00
19162750,2023-07-24 15:51:18,2714,35881,151,INR,4847.08,98.92
19162818,2023-07-24 15:51:39,2714,35881,151,INR,4847.08,98.92
19162895,2023-07-24 15:52:20,2714,35881,151,INR,4847.08,98.92
19163128,2023-07-24 15:54:50,2714,35881,151,INR,4847.08,98.92
19163247,2023-07-24 15:55:52,2714,35881,151,INR,4847.08,98.92
19163458,2023-07-24 15:57:33,2714,35881,151,INR,4847.08,98.92
19166152,2023-07-24 16:22:05,2642,33491,148,GBP,1208.64,50.36
19166252,2023-07-24 16:23:03,2659,11121,126,GBP,1365.00,35.00
19170403,2023-07-24 17:02:32,2732,40251,156,SEK,960.00,40.00
19173659,2023-07-24 17:36:29,2714,35881,151,INR,4847.08,98.92
19175022,2023-07-24 17:53:12,2714,36051,151,INR,955.00,45.00
19181940,2023-07-24 19:21:39,2676,31311,146,CAD,1536.00,64.00
19187763,2023-07-24 20:53:45,2676,30571,146,USD,1920.00,80.00
19193459,2023-07-24 23:01:08,2676,29251,144,USD,1880.00,120.00
19193998,2023-07-24 23:15:58,2676,30571,146,USD,1920.00,80.00
19198395,2023-07-25 05:40:46,2714,35881,151,INR,4847.08,98.92
19198466,2023-07-25 05:45:46,2714,35881,151,INR,4847.08,98.92
19199803,2023-07-25 06:47:26,2714,36611,152,INR,955.00,45.00
19200392,2023-07-25 07:08:37,2714,35881,151,INR,4847.08,98.92
19208177,2023-07-25 09:03:08,2676,35611,151,INR,1560.00,40.00
19208314,2023-07-25 09:04:17,2676,11121,126,GBP,970.00,30.00
19211600,2023-07-25 09:36:34,2642,33491,148,GBP,2400.00,100.00
19216994,2023-07-25 10:26:19,2732,40251,156,SEK,960.00,40.00
19226698,2023-07-25 11:48:11,2676,31311,146,CAD,1674.24,69.76
19229862,2023-07-25 12:14:58,2642,26321,141,GBP,1114.56,46.44
19244601,2023-07-25 14:31:15,2714,36131,152,INR,2038.40,41.60
19248929,2023-07-25 15:15:27,2714,35611,151,INR,9750.00,250.00
19253668,2023-07-25 16:15:27,2642,33491,148,GBP,1030.08,42.92
19258656,2023-07-25 17:29:58,2732,40251,156,SEK,960.00,40.00
19270323,2023-07-25 21:21:12,2676,30571,146,USD,1536.00,64.00
19272638,2023-07-25 22:43:15,2676,30571,146,USD,1920.00,80.00
19275306,2023-07-26 00:31:45,2676,31351,146,EUR,1940.00,60.00
19276504,2023-07-26 02:39:33,2676,30571,146,USD,1344.00,56.00
19277277,2023-07-26 05:02:39,2714,35611,151,INR,1267.50,32.50
19279218,2023-07-26 07:08:14,2714,36661,152,INR,990.00,10.00
19281935,2023-07-26 08:08:09,2714,36661,152,INR,990.00,10.00
19282432,2023-07-26 08:15:52,2714,35611,151,INR,4387.50,112.50
19284432,2023-07-26 08:45:02,2714,36971,152,INR,955.00,45.00
19284483,2023-07-26 08:45:40,2714,36971,152,INR,955.00,45.00
19287405,2023-07-26 09:18:03,2714,35611,151,INR,3705.00,95.00
19291167,2023-07-26 09:59:04,2676,31351,146,EUR,1940.00,60.00
19291308,2023-07-26 10:00:31,2676,31351,146,EUR,1164.00,36.00
19302452,2023-07-26 11:47:17,2714,35681,151,INR,955.00,45.00
19305807,2023-07-26 12:18:01,2676,35611,151,INR,8775.00,225.00
19309652,2023-07-26 12:59:22,2676,30571,146,USD,1920.00,80.00
19310367,2023-07-26 13:10:38,2714,36131,152,INR,1568.00,32.00
19314511,2023-07-26 13:58:41,2676,30571,146,USD,1920.00,80.00
19318098,2023-07-26 14:53:33,2714,36071,151,INR,1910.00,90.00
19319909,2023-07-26 15:30:33,2642,33491,148,GBP,960.00,40.00
19320276,2023-07-26 15:38:43,2676,30571,146,USD,1425.60,59.40
19322033,2023-07-26 16:22:09,2676,31361,146,EUR,970.00,30.00
19323811,2023-07-26 17:08:09,2676,30571,146,USD,1920.00,80.00
19323845,2023-07-26 17:10:41,2676,30571,146,USD,1728.00,72.00
19324783,2023-07-26 17:35:06,2676,31381,146,EUR,970.00,30.00
19324785,2023-07-26 17:35:14,2676,11121,126,GBP,1164.00,36.00
19326792,2023-07-26 18:24:49,2714,35681,151,INR,2387.50,112.50
19327775,2023-07-26 18:48:11,2676,31381,146,EUR,970.00,30.00
19327836,2023-07-26 18:48:45,2676,31381,146,EUR,970.00,30.00
19332414,2023-07-26 20:37:05,2676,35281,150,AUD,1920.00,80.00
19332919,2023-07-26 20:48:28,2676,30571,146,USD,1920.00,80.00
19339325,2023-07-27 00:35:15,2676,30571,146,USD,1920.00,80.00
19340057,2023-07-27 01:40:04,2676,30571,146,USD,1920.00,80.00
19340123,2023-07-27 01:50:05,2676,30571,146,USD,1920.00,80.00
19340384,2023-07-27 02:39:23,2676,30571,146,USD,1536.00,64.00
19340669,2023-07-27 03:56:55,2676,30571,146,USD,1056.00,44.00
19340873,2023-07-27 04:43:54,2676,30571,146,USD,1920.00,80.00
19340874,2023-07-27 04:43:55,2676,30571,146,USD,1920.00,80.00
19341711,2023-07-27 06:13:58,2676,30571,146,USD,1920.00,80.00
19342034,2023-07-27 06:31:27,2714,36961,152,INR,965.00,35.00
19342483,2023-07-27 06:45:07,2714,35611,151,INR,975.00,25.00
19342550,2023-07-27 06:46:47,2714,36071,151,INR,955.00,45.00
19342592,2023-07-27 06:47:43,2714,35611,151,INR,3705.00,95.00
19343157,2023-07-27 06:59:40,2676,30571,146,USD,1920.00,80.00
19360877,2023-07-27 08:58:51,2676,30571,146,USD,1920.00,80.00
19368228,2023-07-27 09:20:03,2635,30711,145,GBP,1236.11,137.34
19368334,2023-07-27 09:20:15,2657,26621,141,GBP,999.91,249.98
19383868,2023-07-27 10:19:13,2732,33031,149,SEK,1920.00,80.00
19403393,2023-07-27 11:24:20,2732,33031,149,SEK,960.00,40.00
19419370,2023-07-27 12:17:01,2676,33491,149,GBP,960.00,40.00
19424474,2023-07-27 12:32:30,2732,33411,149,SEK,1920.00,80.00
19424476,2023-07-27 12:32:31,2732,33411,149,SEK,1920.00,80.00
19424483,2023-07-27 12:32:32,2732,33411,149,SEK,1920.00,80.00
19424479,2023-07-27 12:32:32,2732,33411,149,SEK,1920.00,80.00
19424487,2023-07-27 12:32:33,2732,33411,149,SEK,1920.00,80.00
19440524,2023-07-27 13:26:33,2657,26621,141,GBP,1169.44,292.36
19451870,2023-07-27 14:04:32,2642,33491,148,GBP,959.04,39.96
19456942,2023-07-27 14:20:17,2657,26621,141,GBP,1768.77,442.19
19464480,2023-07-27 14:43:53,2676,28821,144,USD,1834.00,166.00
19465455,2023-07-27 14:47:47,2676,30571,146,USD,960.00,40.00
19468433,2023-07-27 15:01:17,2714,35611,151,INR,3900.00,100.00
19475191,2023-07-27 15:24:37,2676,30571,146,USD,1920.00,80.00
19477219,2023-07-27 15:31:35,2642,33491,148,GBP,1054.08,43.92
19479338,2023-07-27 15:40:15,2714,36131,152,INR,2173.64,44.36
19498552,2023-07-27 17:27:24,2642,33491,148,GBP,1248.00,52.00
19504541,2023-07-27 18:14:23,2714,35611,151,INR,9750.00,250.00
19507572,2023-07-27 18:38:41,2676,31351,146,EUR,1164.00,36.00
19508049,2023-07-27 18:42:38,2676,30571,146,USD,960.00,40.00
19509222,2023-07-27 18:52:32,2676,30571,146,USD,1920.00,80.00
19509232,2023-07-27 18:52:35,2676,30571,146,USD,1920.00,80.00
19509239,2023-07-27 18:52:37,2676,30571,146,USD,1920.00,80.00
19509241,2023-07-27 18:52:38,2676,30571,146,USD,1920.00,80.00
19509245,2023-07-27 18:52:41,2676,30571,146,USD,1920.00,80.00
19510735,2023-07-27 19:09:01,2714,35611,151,INR,1738.43,44.57
19515238,2023-07-27 19:54:47,2676,31351,146,EUR,1940.00,60.00
19515245,2023-07-27 19:54:52,2676,30571,146,USD,960.00,40.00
19525007,2023-07-27 21:59:22,2676,30571,146,USD,960.00,40.00
19527304,2023-07-27 22:46:01,2676,30571,146,USD,960.00,40.00
19529698,2023-07-27 23:37:43,2676,30571,146,USD,1152.00,48.00
19529703,2023-07-27 23:37:53,2676,31351,146,EUR,1940.00,60.00
19530138,2023-07-27 23:50:46,2676,30571,146,USD,1920.00,80.00
19530346,2023-07-27 23:58:03,2659,11121,126,GBP,1462.50,37.50
19531107,2023-07-28 00:20:45,2676,30571,146,USD,960.00,40.00
19532201,2023-07-28 01:16:11,2676,30571,146,USD,960.00,40.00
19532381,2023-07-28 01:26:13,2676,30571,146,USD,960.00,40.00
19532393,2023-07-28 01:27:21,2676,30571,146,USD,960.00,40.00
19533227,2023-07-28 03:11:55,2676,31311,146,CAD,960.00,40.00
19533229,2023-07-28 03:11:57,2676,31311,146,CAD,960.00,40.00
19533646,2023-07-28 04:08:51,2676,30571,146,USD,1283.52,53.48
19533785,2023-07-28 04:26:57,2676,30571,146,USD,1152.00,48.00
19533793,2023-07-28 04:27:15,2676,30571,146,USD,960.00,40.00
19538326,2023-07-28 07:17:39,2676,30571,146,USD,1920.00,80.00
19539422,2023-07-28 07:32:48,2676,31381,146,EUR,1164.00,36.00
19543619,2023-07-28 08:19:09,2676,30571,146,USD,1920.00,80.00
19546088,2023-07-28 08:42:46,2676,30571,146,USD,960.00,40.00
19548360,2023-07-28 09:03:11,2676,11121,126,GBP,1285.25,39.75
19549240,2023-07-28 09:14:06,2657,26621,141,GBP,807.19,201.80
19573077,2023-07-28 09:49:03,2659,31391,146,EUR,970.00,30.00
19591110,2023-07-28 10:31:45,2714,35611,151,INR,7524.00,192.92
19631735,2023-07-28 12:49:38,2714,35681,151,INR,955.00,45.00
19632950,2023-07-28 12:55:52,2676,35541,151,INR,965.00,35.00
19647471,2023-07-28 14:08:44,2657,26621,141,GBP,3520.00,880.00
19649038,2023-07-28 14:16:38,2714,36131,152,INR,980.00,20.00
19651015,2023-07-28 14:27:52,2676,31351,146,EUR,1940.00,60.00
19652085,2023-07-28 14:33:39,2676,31351,146,EUR,1940.00,60.00
19652185,2023-07-28 14:34:05,2676,31311,146,CAD,1920.00,80.00
19654616,2023-07-28 14:46:41,2642,33491,148,GBP,1056.00,44.00
19656133,2023-07-28 14:55:00,2676,35611,151,INR,975.00,25.00
19670892,2023-07-28 16:44:09,2714,35611,151,INR,2925.00,75.00
19673217,2023-07-28 17:03:03,2659,11121,126,GBP,1018.88,26.12
19675435,2023-07-28 17:21:12,2676,30571,146,USD,1584.00,66.00
19675739,2023-07-28 17:23:38,2676,31351,146,EUR,970.00,30.00
19678115,2023-07-28 17:44:34,2676,31381,146,EUR,1455.00,45.00
19678243,2023-07-28 17:45:43,2714,35991,151,INR,2603.86,53.14
19679331,2023-07-28 17:54:11,2642,33491,148,GBP,1653.12,68.88
19686286,2023-07-28 19:01:19,2676,31351,146,EUR,1940.00,60.00
19687970,2023-07-28 19:20:52,2642,33491,148,GBP,1056.00,44.00
19689098,2023-07-28 19:34:40,2676,11121,126,GBP,1552.00,48.00
19689327,2023-07-28 19:37:37,2714,35611,151,INR,1462.50,37.50
19692104,2023-07-28 20:15:16,2676,29251,144,USD,1880.00,120.00
19693101,2023-07-28 20:30:32,2676,29251,144,USD,1880.00,120.00
19693721,2023-07-28 20:39:02,2676,11121,126,GBP,970.00,30.00
19698886,2023-07-28 21:57:39,2676,30571,146,USD,1344.00,56.00
19698956,2023-07-28 21:59:11,2714,35611,151,INR,9750.00,250.00
19699219,2023-07-28 22:03:12,2714,35611,151,INR,1416.68,36.32
19699446,2023-07-28 22:08:09,2714,35611,151,INR,9750.00,250.00
19700356,2023-07-28 22:25:37,2676,30571,146,USD,1920.00,80.00
19701630,2023-07-28 22:57:04,2659,33491,148,GBP,965.76,40.24
19702017,2023-07-28 23:08:59,2676,30571,146,USD,1536.00,64.00
19705797,2023-07-29 00:50:12,2676,28821,144,USD,1604.75,145.25
19706459,2023-07-29 01:23:18,2676,30571,146,USD,960.00,40.00
19711208,2023-07-29 06:30:18,2714,35611,151,INR,1919.78,49.22
19716747,2023-07-29 07:57:15,2657,26621,141,GBP,1206.26,301.57
19722691,2023-07-29 08:52:22,2714,36571,152,INR,955.00,45.00
19729393,2023-07-29 09:34:41,2714,35611,151,INR,4578.94,117.41
19736392,2023-07-29 10:09:55,2657,26621,141,GBP,1050.00,262.50
19744114,2023-07-29 10:55:03,2659,11121,126,GBP,1462.50,37.50
19754490,2023-07-29 12:01:57,2714,35611,151,INR,9750.00,250.00
19756686,2023-07-29 12:18:53,2676,31351,146,EUR,970.00,30.00
19767249,2023-07-29 13:42:42,2714,35611,151,INR,1950.00,50.00
19768015,2023-07-29 13:49:32,2714,35611,151,INR,4718.03,120.97
19781042,2023-07-29 15:45:32,2676,36501,152,INR,3342.50,157.50
19796418,2023-07-29 18:45:28,2714,35611,151,INR,1195.35,30.65
19797542,2023-07-29 19:02:21,2676,31381,146,EUR,1940.00,60.00
19800017,2023-07-29 19:36:59,2676,31351,146,EUR,970.00,30.00
19802468,2023-07-29 20:12:26,2676,30571,146,USD,1344.00,56.00
19803298,2023-07-29 20:26:28,2676,31311,146,CAD,1056.00,44.00
19805114,2023-07-29 20:57:07,2676,30571,146,USD,1152.00,48.00
19806528,2023-07-29 21:22:25,2676,31351,146,EUR,1940.00,60.00
19810854,2023-07-29 23:10:14,2676,30571,146,USD,960.00,40.00
19813983,2023-07-30 00:54:49,2676,30571,146,USD,1344.00,56.00
19814015,2023-07-30 00:57:25,2676,30571,146,USD,960.00,40.00
19814158,2023-07-30 01:10:21,2676,30571,146,USD,960.00,40.00
19815865,2023-07-30 04:26:18,2676,30571,146,USD,1920.00,80.00
19819962,2023-07-30 07:20:20,2714,35611,151,INR,975.00,25.00
19822517,2023-07-30 08:04:04,2676,30571,146,USD,1594.56,66.44
19826995,2023-07-30 09:04:21,2642,33491,148,GBP,1487.04,61.96
19835603,2023-07-30 10:36:22,2714,36021,151,INR,1980.00,20.00
19835623,2023-07-30 10:36:38,2714,36021,151,INR,1980.00,20.00
19838057,2023-07-30 11:02:22,2657,26621,141,GBP,1882.78,470.69
19842567,2023-07-30 11:41:04,2642,33491,148,GBP,1007.04,41.96
19844550,2023-07-30 12:01:54,2676,31351,146,EUR,970.00,30.00
19853123,2023-07-30 13:31:18,2648,11341,126,GBP,1000.00,0.00
19853351,2023-07-30 13:33:34,2714,35831,151,INR,955.00,45.00
19853830,2023-07-30 13:39:38,2714,35611,151,INR,3412.50,87.50
19854544,2023-07-30 13:47:59,2642,33491,148,GBP,1343.04,55.96
19854672,2023-07-30 13:49:32,2714,36721,152,INR,2475.00,25.00
19854908,2023-07-30 13:52:33,2714,35681,151,INR,955.00,45.00
19854932,2023-07-30 13:52:41,2714,36721,152,INR,990.00,10.00
19855701,2023-07-30 14:02:42,2676,31351,146,EUR,1920.60,59.40
19856190,2023-07-30 14:08:22,2714,35611,151,INR,8027.18,205.82
19856290,2023-07-30 14:11:05,2659,11121,126,GBP,975.00,25.00
19856887,2023-07-30 14:16:11,2657,26621,141,GBP,1511.99,378.00
19858675,2023-07-30 14:35:42,2648,11341,126,GBP,1000.00,0.00
19859667,2023-07-30 14:46:44,2714,35881,151,INR,2423.54,49.46
19859690,2023-07-30 14:47:02,2714,35881,151,INR,2352.00,48.00
19859717,2023-07-30 14:47:14,2714,35881,151,INR,2352.00,48.00
19859726,2023-07-30 14:47:24,2714,35881,151,INR,2352.00,48.00
19859744,2023-07-30 14:47:42,2714,35881,151,INR,1960.00,40.00
19864867,2023-07-30 15:46:43,2714,35611,151,INR,1170.00,30.00
19865017,2023-07-30 15:48:53,2714,35611,151,INR,1462.50,37.50
19865083,2023-07-30 15:50:04,2714,35611,151,INR,975.00,25.00
19865246,2023-07-30 15:52:20,2714,35611,151,INR,1950.00,50.00
19865342,2023-07-30 15:53:34,2714,35611,151,INR,1072.50,27.50
19867576,2023-07-30 16:23:55,2676,30571,146,USD,960.00,40.00
19870496,2023-07-30 17:06:36,2714,35611,151,INR,2466.75,63.25
19871130,2023-07-30 17:14:47,2648,11341,126,GBP,1000.00,0.00
19872793,2023-07-30 17:43:36,2676,30571,146,USD,960.00,40.00
19879100,2023-07-30 19:51:46,2676,30571,146,USD,1920.00,80.00
19880589,2023-07-30 20:20:43,2732,40251,156,SEK,960.00,40.00
19881680,2023-07-30 20:43:21,2676,35651,151,INR,3820.00,180.00
19881698,2023-07-30 20:43:53,2676,35651,151,INR,3820.00,180.00
19881870,2023-07-30 20:49:18,2676,35651,151,INR,3820.00,180.00
19881883,2023-07-30 20:49:50,2676,35651,151,INR,3820.00,180.00
19882412,2023-07-30 21:04:01,2676,30571,146,USD,966.72,40.28
19886931,2023-07-30 23:30:42,2676,30571,146,USD,1920.00,80.00
19888698,2023-07-31 00:20:26,2676,30571,146,USD,1920.00,80.00
19889716,2023-07-31 00:59:24,2676,31351,146,EUR,1600.50,49.50
19890766,2023-07-31 02:20:45,2714,35611,151,INR,2411.18,61.82
19895601,2023-07-31 06:41:59,2676,31351,146,EUR,1673.25,51.75
19895637,2023-07-31 06:42:37,2714,35751,151,INR,1910.00,90.00
19897003,2023-07-31 07:07:47,2714,35611,151,INR,1121.25,28.75
19901762,2023-07-31 08:12:47,2676,36131,151,INR,1980.00,20.00
19903484,2023-07-31 08:34:46,2676,31351,146,EUR,970.00,30.00
19904912,2023-07-31 08:49:33,2714,35611,151,INR,4822.35,123.65
19907186,2023-07-31 09:01:41,2676,35281,150,AUD,1920.00,80.00
19908801,2023-07-31 09:19:24,2642,33491,148,GBP,1938.24,80.76
19909499,2023-07-31 09:28:27,2676,30571,146,USD,960.00,40.00
19914205,2023-07-31 10:21:37,2676,28821,144,USD,1693.70,153.30
19914366,2023-07-31 10:23:50,2732,33411,149,SEK,1920.00,80.00
19914368,2023-07-31 10:23:51,2732,33411,149,SEK,1920.00,80.00
19914367,2023-07-31 10:23:51,2732,33411,149,SEK,1920.00,80.00
19914372,2023-07-31 10:23:52,2732,33411,149,SEK,1920.00,80.00
19914370,2023-07-31 10:23:52,2732,33411,149,SEK,1920.00,80.00
19914586,2023-07-31 10:26:15,2732,33411,149,SEK,1920.00,80.00
19914587,2023-07-31 10:26:15,2732,33411,149,SEK,1920.00,80.00
19914588,2023-07-31 10:26:16,2732,33411,149,SEK,1920.00,80.00
19914589,2023-07-31 10:26:16,2732,33411,149,SEK,1920.00,80.00
19914591,2023-07-31 10:26:17,2732,33411,149,SEK,1920.00,80.00
19914633,2023-07-31 10:27:04,2732,33411,149,SEK,1920.00,80.00
19914634,2023-07-31 10:27:05,2732,33411,149,SEK,1920.00,80.00
19914635,2023-07-31 10:27:05,2732,33411,149,SEK,1920.00,80.00
19914636,2023-07-31 10:27:06,2732,33411,149,SEK,1920.00,80.00
19914637,2023-07-31 10:27:06,2732,33411,149,SEK,1920.00,80.00
19914711,2023-07-31 10:28:12,2732,33411,149,SEK,1920.00,80.00
19914713,2023-07-31 10:28:12,2732,33411,149,SEK,1920.00,80.00
19914712,2023-07-31 10:28:12,2732,33411,149,SEK,1920.00,80.00
19914716,2023-07-31 10:28:13,2732,33411,149,SEK,1920.00,80.00
19914714,2023-07-31 10:28:13,2732,33411,149,SEK,1920.00,80.00
19914815,2023-07-31 10:29:18,2732,33411,149,SEK,1920.00,80.00
19914817,2023-07-31 10:29:19,2732,33411,149,SEK,1920.00,80.00
19922187,2023-07-31 11:56:27,2676,11121,126,GBP,970.00,30.00
19928320,2023-07-31 13:18:48,2676,31391,146,EUR,1455.00,45.00
19928321,2023-07-31 13:18:50,2676,31391,146,EUR,1455.00,45.00
19929775,2023-07-31 13:43:56,2732,33031,149,SEK,960.00,40.00
19929905,2023-07-31 13:46:31,2642,33491,148,GBP,1055.04,43.96
19931448,2023-07-31 14:11:50,2732,33031,149,SEK,1920.00,80.00
19931686,2023-07-31 14:14:49,2732,33031,149,SEK,960.00,40.00
19931755,2023-07-31 14:15:31,2732,33031,149,SEK,1920.00,80.00
19932540,2023-07-31 14:25:59,2676,30571,146,USD,1017.60,42.40
19932554,2023-07-31 14:26:12,2676,30571,146,USD,1920.00,80.00
19932626,2023-07-31 14:27:27,2657,26621,141,GBP,1676.00,419.00
19933031,2023-07-31 14:35:20,2657,26621,141,GBP,1511.99,378.00
19933289,2023-07-31 14:40:20,2732,33031,149,SEK,960.00,40.00
19934663,2023-07-31 15:03:37,2657,30581,145,GBP,1274.26,424.75
19935099,2023-07-31 15:10:23,2676,31351,146,EUR,970.00,30.00
19936225,2023-07-31 15:28:25,2676,30571,146,USD,1920.00,80.00
19936915,2023-07-31 15:40:19,2622,39101,154,HUF,920.00,80.00
19938177,2023-07-31 16:04:24,2676,35611,151,INR,8775.00,225.00
19940524,2023-07-31 16:51:59,2732,33031,149,SEK,960.00,40.00
19948706,2023-07-31 20:38:09,2676,30571,146,USD,960.00,40.00
19949076,2023-07-31 20:52:27,2676,11121,126,GBP,1096.10,33.90
19950272,2023-07-31 21:38:46,2676,30571,146,USD,1920.00,80.00
19951872,2023-07-31 22:55:31,2676,36081,151,INR,2156.00,44.00
19952294,2023-07-31 23:12:13,2676,36081,151,INR,2940.00,60.00
19952607,2023-07-31 23:20:20,2676,36081,151,INR,2940.00,60.00
19952938,2023-07-31 23:31:57,2676,31361,146,EUR,970.00,30.00
19952939,2023-07-31 23:31:59,2676,30571,146,USD,1728.00,72.00
19953250,2023-07-31 23:41:41,2676,30571,146,USD,960.00,40.00